"Address","Occurrences","Title 1","Title 1 Length","Title 1 Pixel Width","Indexability","Indexability Status"
"https://www.drupal.com/","1","Drupal | A CMS platform for great digital experiences","53","462","Non-Indexable","Canonicalised"
"https://www.drupal.com/advertise","1","Advertise | Drupal.com","22","200","Non-Indexable","Canonicalised"
"https://www.drupal.com/contact/advertising","1","Advertising Inquiries | Drupal.com","34","297","Indexable",""
"https://www.drupal.com/contact/case-study-submission","1","Case Study Submission | Drupal.com","34","330","Indexable",""
"https://www.drupal.com/contact","1","General Inquiries | Drupal.com","30","269","Indexable",""
"https://www.drupal.com/why-use-drupal","1","Why Use Drupal | Drupal.com","27","265","Indexable",""
"https://www.drupal.com/feature/drupal-content-authoring","1","Easy Content Authoring | Drupal.com","35","327","Non-Indexable","Canonicalised"
"https://www.drupal.com/feature/security","1","Security | Drupal.com","21","190","Non-Indexable","Canonicalised"
"https://www.drupal.com/feature/drupal-scalability","1","Highly Scalable | Drupal.com","28","256","Non-Indexable","Canonicalised"
"https://www.drupal.com/trademark","1","Drupal trademark and logo policy | Drupal.com","45","409","Non-Indexable","Canonicalised"
"https://www.drupal.com/product/web-content-management","1","What is Drupal? | Drupal for Web Content Management","51","489","Non-Indexable","Canonicalised"
"https://www.drupal.com/feature/multilingual","1","Multilingual | Drupal.com","25","219","Non-Indexable","Canonicalised"
"https://www.drupal.com/get-started-with-drupal","1","Get started with Drupal | Drupal.com","36","320","Non-Indexable","Canonicalised"
"https://www.drupal.com/feature/content-as-a-service","1","Content as a Service | Drupal.com","33","301","Non-Indexable","Canonicalised"
"https://www.drupal.com/product/commerce","1","Drupal for Commerce | Drupal.com","32","307","Non-Indexable","Canonicalised"
"https://www.drupal.com/showcases","1","Who Uses Drupal? | Drupal.com","29","287","Indexable",""
"https://www.drupal.com/case-study/economist-espresso-app-drupal","1","The Economist’s Espresso news app | Drupal.com","46","443","Non-Indexable","Canonicalised"
"https://www.drupal.com/contact/trademark","1","Drupal Trademark Inquiries | Drupal.com","39","359","Indexable",""
"https://www.drupal.com/filter/tips","1","Compose tips | Drupal.com","25","239","Indexable",""
"https://www.drupal.com/case-study/fiji-travel","1","Tourism Fiji Drives Record Visits With Help of Drupal | Drupal.com","66","585","Non-Indexable","Canonicalised"
"https://www.drupal.com/trademark/apply","1","Apply for a license | Drupal.com","32","279","Non-Indexable","Canonicalised"
"https://www.drupal.com/trademark/changelog","1","View policy changes | Drupal.com","32","297","Non-Indexable","Canonicalised"
"https://www.drupal.com/trademark/report-violation","1","Report a violation | Drupal.com","31","271","Non-Indexable","Canonicalised"
"https://www.drupal.com/trademark/download","1","Download the policy | Drupal.com","32","295","Non-Indexable","Canonicalised"
"https://www.drupal.com/case-study/timex","1","Timex: Drupal keeps a Great Digital Shopping Experience Ticking | Drupal.com","76","696","Non-Indexable","Canonicalised"
"https://www.drupal.com/showcases?page=2","1","Who Uses Drupal? | Drupal.com","29","287","Indexable",""
"https://www.drupal.com/showcases?page=1","1","Who Uses Drupal? | Drupal.com","29","287","Indexable",""
"https://www.drupal.com/showcases?page=0","1","Who Uses Drupal? | Drupal.com","29","287","Indexable",""
"https://www.drupal.com/case-study/avio","1","AVIO Consulting, An Interactive Experience | Drupal.com","55","498","Non-Indexable","Canonicalised"
"https://www.drupal.com/case-study/savant","1","Drupal Enables Savant to Elevate the Everyday | Drupal.com","58","534","Non-Indexable","Canonicalised"
"https://www.drupal.com/case-study/rush-university-medical-center","1","Rush University Medical Center | Drupal.com","43","397","Non-Indexable","Canonicalised"
"https://www.drupal.com/showcases?page=5","1","Who Uses Drupal? | Drupal.com","29","287","Indexable",""
"https://www.drupal.com/showcases?page=3","1","Who Uses Drupal? | Drupal.com","29","287","Indexable",""
"https://www.drupal.com/case-study/myrevera","1","MyRevera Delivers New User Experience | Drupal.com","50","481","Non-Indexable","Canonicalised"
"https://www.drupal.com/case-study/procomun","1","Procomún - Educational resources | Drupal.com","45","422","Non-Indexable","Canonicalised"
"https://www.drupal.com/case-study/colorado-general-assembly","1","Drupal Site Helps Citizens Connect with Government | Drupal.com","63","584","Non-Indexable","Canonicalised"
"https://www.drupal.com/case-study/boreal-mountain-resort","1","Headless Drupal Development Helps Skiers Find Resort Information Quickly | Drupal.com","85","787","Non-Indexable","Canonicalised"
"https://www.drupal.com/case-study/manhattan-associates","1","Manhattan Associates Leads the Way with Drupal 8 | Drupal.com","61","571","Non-Indexable","Canonicalised"
"https://www.drupal.com/case-study/state-revenue-office-australia","1","State Revenue Office of Victoria Australia | Drupal.com","55","479","Non-Indexable","Canonicalised"
"https://www.drupal.com/case-study/umn-university-minnesota","1","Building an Efficient, Simplified Enterprise Web Platform for the University of Minnesota | Drupal.com","102","886","Non-Indexable","Canonicalised"
"https://www.drupal.com/case-study/greenpeace-greenwire","1","Greenpeace uses Drupal to Empower, Grow Volunteering | Drupal.com","65","622","Non-Indexable","Canonicalised"
"https://www.drupal.com/case-study/sevilla-fc","1","Sevilla FC: A brand that never stops growing | Drupal.com","57","509","Non-Indexable","Canonicalised"
"https://www.drupal.com/showcases?page=4","1","Who Uses Drupal? | Drupal.com","29","287","Indexable",""
"https://www.drupal.com/case-study/care-international-uk","1","Care International UKi | Drupal.com","35","312","Non-Indexable","Canonicalised"
"https://www.drupal.com/case-study/youth-on-record","1","Website Redesign in Drupal 8 Helps a Rockstar Nonprofit Get an Edge | Drupal.com","80","741","Non-Indexable","Canonicalised"
"https://www.drupal.com/case-study/rainforest-alliance","1","A Reimagined Rainforest Alliance on Drupal 8 | Drupal.com","57","521","Non-Indexable","Canonicalised"
"https://www.drupal.com/case-study/government-bermuda","1","Government of Bermuda | Drupal.com","34","334","Non-Indexable","Canonicalised"
"https://www.drupal.com/case-study/the-sapan-institute","1","The SAPAN Institute | Drupal.com","32","299","Non-Indexable","Canonicalised"
"https://www.drupal.com/case-study/university-of-colorado","1","Creating an Engaging Donor Experience for University of Colorado Alumni | Drupal.com","84","769","Non-Indexable","Canonicalised"
"https://www.drupal.com/case-study/red-hat-opensource-com","1","Red Hat is Extending Open Source Principles Beyond Technology | Drupal.com","74","701","Non-Indexable","Canonicalised"
"https://www.drupal.com/case-study/gatwick","1","Gatwick Obviously on Drupal, obviously! | Drupal.com","52","473","Non-Indexable","Canonicalised"
"https://www.drupal.com/case-study/higgidy","1","‘The best things in life are always a bit Higgidy...’ | Drupal.com","66","547","Non-Indexable","Canonicalised"
"https://www.drupal.com/case-study/shoretel","1","ShoreTel | Drupal.com","21","199","Non-Indexable","Canonicalised"
"https://www.drupal.com/case-study/iom3","1","The Institute of Materials, Minerals and Mining (IOM3) | Drupal.com","67","590","Non-Indexable","Canonicalised"
"https://www.drupal.com/node/1051","1","Drupal helps Red Cross GDPC bring its teams together | Drupal.com","65","605","Non-Indexable","Canonicalised"
"https://www.drupal.com/case-study/foxtel-presto-video-on-demand","1","Hey, Presto! Drupal drives personalized media experience for Foxtel Video-on-Demand Customers | Drupal.com","106","982","Non-Indexable","Canonicalised"
"https://www.drupal.com/case-study/fema","1","Rebuilding FEMA.gov to deliver a powerful user experience | Drupal.com","70","638","Non-Indexable","Canonicalised"
"https://www.drupal.com/case-study/spartannash","1","Filling Bigger Baskets, Faster with SpartanNash | Drupal.com","60","538","Non-Indexable","Canonicalised"
"https://www.drupal.com/404","1","404 | Drupal.com","16","152","Non-Indexable","Canonicalised"
